{"cameraMode":{"drawMode":0,"name":"Shaded","section":"Shading Mode"},"sceneLighting":true,"audioPlay":false,"sceneViewState":{"showFog":true,"showMaterialUpdate":true,"showSkybox":true,"showFlares":true,"showImageEffects":true,"showParticleSystems":true},"in2DMode":false,"pivot":{"x":2.3654685020446779,"y":0.18287086486816407,"z":1.58919095993042},"rotation":{"x":-0.08852636069059372,"y":0.8991917371749878,"z":-0.214631587266922,"w":-0.3708781599998474},"size":9.253941535949707,"orthographic":false}